{"initial_reset_timestamp": 1577203724.92851, "timestamps": [1577203724.9857016, 1577203725.3510504, 1577203725.3854392, 1577203725.8063002, 1577203725.8335428, 1577203725.8654854, 1577203726.3227613, 1577203726.3539834, 1577203726.3757184, 1577203726.906938, 1577203728.1498432, 1577203728.191332, 1577203728.8494787, 1577203728.8729646, 1577203728.893893, 1577203729.6124492, 1577203729.6338172, 1577203729.659801, 1577203729.6801088, 1577203730.477806, 1577203731.1644423, 1577203732.091122, 1577203732.1090016, 1577203732.133335, 1577203732.1581178, 1577203733.1050687, 1577203733.1248565, 1577203733.1484916, 1577203734.132812, 1577203734.1534438, 1577203735.2943087], "episode_lengths": [108, 124, 81, 102, 73, 86, 57, 84, 63, 56, 60, 56, 78, 68, 56, 62, 56, 75, 51, 82, 49, 97, 51, 59, 69, 64, 56, 60, 73, 61, 72], "episode_rewards": [-137.2497812624373, -237.4065752776231, -103.0573679246351, -157.21774158065688, -215.69884097081825, -418.29234424762814, -137.81464975296842, -435.2983203866271, -391.0889351561873, -325.38873441446117, -423.0098008491473, -442.7745635525974, -605.960297000593, -532.818732057804, -437.52938829929155, -558.1005479991577, -523.5196416683011, -725.975201442207, -380.41412128167934, -830.4628953038037, -373.87049380934195, -702.1428805546936, -319.9224983114585, -426.5261158051542, -511.15133777023357, -511.84447873091483, -430.0384340117053, -455.1149744894679, -731.2555782889399, -533.9951448225424, -599.7896677364783], "episode_types": ["t", "t", "t", "t", "t", "t", "t", "t", "t", "t", "t", "t", "t", "t", "t", "t", "t", "t", "t", "t", "t", "t", "t", "t", "t", "t", "t", "t", "t", "t", "t", "t"]}