{"initial_reset_timestamp": 1570560142.1884124, "timestamps": [1570560144.6215408, 1570560146.435848, 1570560148.4910529, 1570560151.0725708, 1570560153.7791948, 1570560156.1907802, 1570560157.9651678, 1570560160.3144214, 1570560162.9599972, 1570560165.3121858, 1570560168.9253354, 1570560171.0798352, 1570560173.5910041, 1570560175.5239391, 1570560178.786243, 1570560181.377067, 1570560184.2197955, 1570560186.1553636, 1570560188.6537862, 1570560190.7732098, 1570560192.957885, 1570560197.6144762, 1570560200.4282606, 1570560204.4304185, 1570560207.9995997, 1570560210.5439756, 1570560214.9538698, 1570560219.8577716, 1570560222.9558365, 1570560225.5991955, 1570560227.9242008, 1570560231.5552185, 1570560234.577963, 1570560237.6083484, 1570560239.6786542, 1570560244.7107399, 1570560251.0239522, 1570560252.906769, 1570560255.0290134, 1570560257.8774054, 1570560260.6870875, 1570560262.8372183, 1570560265.1787128, 1570560267.2677422, 1570560270.1802595, 1570560277.2459657, 1570560284.3403287, 1570560291.403679, 1570560298.5039446, 1570560305.614016, 1570560313.3110044, 1570560320.482392, 1570560327.629558, 1570560334.7888248, 1570560340.7496758, 1570560344.6930232, 1570560351.7422142, 1570560358.809381, 1570560365.960459, 1570560373.088658, 1570560380.8590577, 1570560388.00229, 1570560391.204864, 1570560399.0633593, 1570560407.8619046, 1570560417.2277143, 1570560425.4244084, 1570560433.682716, 1570560441.3864613, 1570560447.606621, 1570560456.1758113, 1570560460.6615498, 1570560468.5604606, 1570560476.3470314, 1570560483.757178, 1570560491.6277666, 1570560499.4850292, 1570560507.2472613, 1570560514.6283164, 1570560522.4321206, 1570560530.7044036, 1570560536.0483968, 1570560543.3683343, 1570560547.5540519, 1570560554.8745692, 1570560562.0087101, 1570560569.128022, 1570560576.1930447, 1570560583.331057, 1570560590.4766395, 1570560598.0845962, 1570560605.2402582, 1570560612.3131828, 1570560619.3771935, 1570560626.4282036, 1570560633.4766774, 1570560640.572263, 1570560644.5376174, 1570560651.5625412, 1570560658.585245, 1570560666.1619415, 1570560673.2043447, 1570560680.317339, 1570560687.8126416, 1570560694.9055398, 1570560701.955225, 1570560708.9826593, 1570560716.079435, 1570560723.1714249, 1570560730.222778, 1570560737.150701, 1570560741.2775126, 1570560748.2781894, 1570560755.282989, 1570560762.3274317, 1570560766.7043958, 1570560772.7759843, 1570560779.8925042, 1570560787.0231128, 1570560794.1409886, 1570560801.9602504, 1570560809.0156567, 1570560816.0473063, 1570560823.0935233, 1570560830.0828905, 1570560837.0091572, 1570560844.0059805, 1570560851.0891268, 1570560858.1854625, 1570560865.282751, 1570560869.1611648, 1570560876.2588537, 1570560883.3466198, 1570560890.4356432, 1570560897.5200331, 1570560904.611191, 1570560911.6840374, 1570560918.7698128, 1570560925.9182322, 1570560933.060201, 1570560940.8894672, 1570560948.0311747, 1570560955.168085, 1570560961.050361, 1570560968.0882258, 1570560975.0959494, 1570560982.1330285, 1570560989.234537, 1570560996.4614005, 1570561003.5813496, 1570561011.3312273, 1570561018.4061902, 1570561025.5383258, 1570561032.6506536, 1570561039.813157, 1570561046.958001, 1570561054.066877, 1570561061.1625655, 1570561068.2036178, 1570561075.3321402, 1570561083.1349044, 1570561090.2065718, 1570561097.2795017, 1570561104.3789005, 1570561111.4594185, 1570561118.5517254, 1570561125.6448643, 1570561132.7385528, 1570561139.828891, 1570561146.8569381, 1570561154.5477736, 1570561161.5621724, 1570561168.5838962, 1570561175.5766337, 1570561182.527612, 1570561189.4630792, 1570561196.4727478, 1570561203.568011, 1570561210.702317, 1570561217.8407032, 1570561225.5368135, 1570561232.550891, 1570561239.6184106, 1570561246.6647785, 1570561253.7339873, 1570561260.815634, 1570561267.920326, 1570561274.9720237, 1570561282.123859, 1570561289.273541, 1570561297.2197552, 1570561304.237157, 1570561311.2150557, 1570561318.371351, 1570561325.49689, 1570561332.5598068, 1570561339.6120424, 1570561346.6580682, 1570561353.6977081, 1570561360.764014, 1570561368.5160036, 1570561375.5512743, 1570561382.6486247, 1570561389.7259808, 1570561396.7323723, 1570561403.714523, 1570561410.246889, 1570561417.2421649, 1570561424.282278, 1570561431.4382248, 1570561439.2390652, 1570561446.3676293, 1570561453.4586315], "episode_lengths": [71, 53, 60, 75, 80, 71, 52, 69, 77, 68, 89, 62, 70, 54, 90, 73, 82, 56, 72, 60, 57, 133, 81, 115, 102, 72, 125, 139, 88, 75, 61, 103, 86, 86, 59, 144, 180, 54, 60, 82, 75, 62, 67, 60, 83, 200, 200, 200, 200, 200, 200, 200, 200, 200, 167, 112, 200, 200, 200, 200, 200, 200, 90, 200, 200, 200, 200, 200, 200, 161, 200, 108, 200, 200, 200, 200, 200, 200, 200, 200, 200, 142, 200, 110, 200, 200, 200, 200, 200, 200, 200, 200, 200, 200, 200, 200, 200, 114, 200, 200, 200, 200, 200, 200, 200, 200, 200, 200, 200, 200, 178, 118, 200, 200, 200, 123, 171, 200, 200, 200, 200, 200, 200, 200, 200, 200, 200, 200, 200, 200, 100, 200, 200, 200, 200, 200, 200, 200, 200, 200, 200, 200, 200, 165, 200, 200, 200, 200, 200, 200, 200, 200, 200, 200, 200, 200, 200, 200, 200, 200, 200, 200, 200, 200, 200, 200, 200, 200, 200, 200, 200, 200, 200, 200, 200, 200, 200, 200, 200, 200, 200, 200, 200, 200, 200, 200, 200, 200, 200, 200, 200, 200, 200, 200, 200, 200, 200, 200, 200, 200, 200, 200, 200, 200, 200, 200, 188, 200, 200, 200, 200, 200, 200],