{"initial_reset_timestamp": 1577022677.46817, "timestamps": [1577022679.190273, 1577022681.199757, 1577022685.0229256, 1577022686.310465, 1577022689.8098245, 1577022694.3132253, 1577022699.2372959, 1577022704.0623696, 1577022708.310571, 1577022711.9910913, 1577022715.4088233, 1577022719.5123973, 1577022724.1567492, 1577022728.8679023, 1577022732.7856455, 1577022736.379243, 1577022739.6800191, 1577022745.080786, 1577022748.8072798, 1577022753.4846709, 1577022759.1315591, 1577022763.9506133, 1577022768.9967344, 1577022773.7626114, 1577022778.630393, 1577022784.1025014, 1577022789.5620205, 1577022794.4588542, 1577022798.8361433, 1577022803.1071746, 1577022808.3574257, 1577022812.6911194, 1577022816.9557474, 1577022821.248995, 1577022825.5041754, 1577022829.7307022, 1577022833.4665122, 1577022837.7045853, 1577022841.9937499, 1577022846.2483923, 1577022851.4816334, 1577022855.8046446, 1577022860.091094, 1577022864.3184752, 1577022868.590493, 1577022872.82119, 1577022877.11399, 1577022881.344855, 1577022885.5824163, 1577022889.8291094, 1577022895.117082, 1577022899.4281733, 1577022903.7169175, 1577022907.995703, 1577022912.302892, 1577022916.5892825, 1577022920.841283, 1577022925.1063988, 1577022929.3550546, 1577022933.609428, 1577022938.780638, 1577022943.0286818, 1577022947.294718, 1577022951.543807, 1577022955.894423, 1577022960.495869, 1577022964.9343433, 1577022969.2679386, 1577022973.760204, 1577022978.8394675, 1577022985.744457, 1577022990.7267318, 1577022995.179177, 1577022999.625224, 1577023004.0481193, 1577023008.3704047, 1577023011.2579288, 1577023015.5784457, 1577023019.9767947, 1577023024.5778053, 1577023030.7887588, 1577023035.9254954, 1577023040.7260818, 1577023045.4495616, 1577023049.8440876, 1577023054.3937628, 1577023059.0158467, 1577023063.6342049, 1577023068.3502805, 1577023072.9081268, 1577023078.5860014, 1577023083.7169607, 1577023088.038531, 1577023092.827009, 1577023098.4154475, 1577023103.454668, 1577023108.1001024, 1577023112.4423983, 1577023116.7525773, 1577023121.0255876, 1577023126.1916819, 1577023130.5646317, 1577023134.9178572, 1577023139.353361, 1577023144.0379868, 1577023148.4480352, 1577023152.7980263, 1577023157.1661468, 1577023161.5102897, 1577023165.5580149, 1577023170.846096, 1577023175.2290864, 1577023179.5556972, 1577023183.9605749, 1577023188.3097434, 1577023192.6254005, 1577023197.0304794, 1577023201.4310904, 1577023205.823828, 1577023210.2456307, 1577023215.4647055, 1577023219.8539658, 1577023224.213802, 1577023228.6067705, 1577023232.9757242, 1577023237.3257525, 1577023241.657789, 1577023246.0103357, 1577023250.361895, 1577023254.6862469, 1577023259.9590225, 1577023262.2101052, 1577023266.552001, 1577023269.5664756, 1577023273.9689791, 1577023278.3860447, 1577023282.7347777, 1577023287.0917284, 1577023291.545694, 1577023295.950381, 1577023301.3800163, 1577023305.8609242, 1577023310.41563, 1577023314.7893603, 1577023319.3339746, 1577023323.7578886, 1577023328.4070668, 1577023333.1619024, 1577023337.5498734, 1577023341.8923306, 1577023347.1076322, 1577023351.5206833, 1577023355.8716428, 1577023360.2407722, 1577023364.5683885, 1577023369.0416336, 1577023373.8279605, 1577023378.208954, 1577023382.5862715, 1577023386.9203086, 1577023392.1379569, 1577023393.7499466, 1577023398.1419845, 1577023402.517023, 1577023406.8911994, 1577023411.5266929, 1577023416.4020357, 1577023420.8104162, 1577023425.225391, 1577023429.6792114, 1577023435.0453155, 1577023439.4499664, 1577023443.6692407, 1577023447.8480446, 1577023452.5577903, 1577023453.7016604, 1577023458.1395366, 1577023462.6641479, 1577023467.0455325, 1577023471.8849354, 1577023477.17332, 1577023481.315996, 1577023485.9151456, 1577023490.6015162, 1577023494.973266, 1577023499.3845978, 1577023503.8083088, 1577023508.1842425, 1577023512.5927088, 1577023517.6055727, 1577023523.5637975, 1577023528.5213323, 1577023532.8969796, 1577023537.2111766, 1577023541.5230834, 1577023545.8279037, 1577023550.1363897, 1577023554.4319417, 1577023558.7774205, 1577023563.1055648, 1577023567.2310967, 1577023571.5646174, 1577023575.907528, 1577023580.2105567, 1577023584.7418783, 1577023589.483525, 1577023594.0708554, 1577023598.8651562, 1577023603.9988883, 1577023609.0048935, 1577023614.1745882, 1577023618.4941115, 1577023622.8332915, 1577023627.162316, 1577023631.679943, 1577023636.0451214, 1577023640.35237, 1577023644.679651, 1577023648.987981, 1577023653.3100345, 1577023658.366543, 1577023662.712891, 1577023667.0368135, 1577023671.3456955, 1577023675.6855307, 1577023680.0668323, 1577023684.376132, 1577023688.7335584, 1577023693.026858, 1577023697.357312, 1577023702.738163, 1577023707.8281167, 1577023712.563741, 1577023717.3977573, 1577023722.2739327, 1577023727.8856137, 1577023732.8116498, 1577023738.2105072, 1577023744.4394386, 1577023749.9276292, 1577023757.2239926, 1577023762.479893, 1577023767.0860634, 1577023771.440719, 1577023775.7908707, 1577023780.1896956, 1577023784.5751505, 1577023788.8989997, 1577023793.2348425, 1577023797.6298718], "episode_lengths": [70, 93, 174, 59, 165, 200, 200, 200, 200, 169, 102, 183, 200, 200, 151, 157, 125, 200, 168, 200, 200, 200, 200, 200, 200, 200, 200, 200, 200, 200, 200, 200, 200, 200, 200, 200, 175, 200, 200, 200, 200, 200, 200, 200, 200, 200, 200, 200, 200, 200, 200, 200, 200, 200, 200, 200, 200, 200, 200, 200, 200, 200, 200, 200, 200, 200, 200, 200, 200, 200, 200, 200, 200, 200, 200, 200, 134, 200, 200, 200, 200, 200, 200, 200, 200, 200, 200, 200, 200, 200, 200, 200, 197, 200, 200, 200, 200, 200, 192, 197, 200, 200, 200, 200, 200, 200, 200, 200, 200, 183, 200, 200, 200, 200, 200, 200, 200, 200, 200, 200, 200, 200, 200, 200, 200, 200, 200, 200, 200, 200, 200, 104, 200, 138, 200, 200, 200, 200, 200, 200, 200, 200, 200, 200, 200, 200, 200, 200, 200, 200, 200, 200, 200, 200, 200, 200, 200, 200, 200, 200, 200, 74, 200, 200, 200, 200, 200, 200, 200, 200, 200, 200, 193, 186, 200, 52, 200, 200, 200, 200, 200, 179, 200, 200, 200, 200, 200, 200, 200, 200, 200, 200, 200, 200, 200, 200, 200, 200, 200, 200, 160, 200, 200, 200, 200, 200, 200, 200, 200, 200, 200, 200, 200, 200, 200, 200, 200, 200, 200, 200, 200, 200, 200, 200, 200, 200, 200, 200, 200, 200, 200, 200, 200, 200, 200, 200, 200, 200, 200, 200, 200, 200, 200, 200, 200, 200, 200, 200, 200, 200],