{"initial_reset_timestamp": 1575649006.3540614, "timestamps": [1575649012.3539264, 1575649019.3923812, 1575649026.3229294, 1575649032.6892567, 1575649038.8547723, 1575649045.2909427, 1575649051.7218587, 1575649057.867952, 1575649064.016791, 1575649070.2135596, 1575649077.6511662, 1575649083.7097383, 1575649089.7063186, 1575649095.884355, 1575649102.0970337, 1575649108.454341, 1575649114.7173314, 1575649120.4121392, 1575649126.7274766, 1575649133.0694172, 1575649139.958096, 1575649146.1965227, 1575649152.5457623, 1575649158.9373562, 1575649165.2109315, 1575649171.5991817, 1575649177.9664185, 1575649184.4147327, 1575649190.842479, 1575649196.4345644, 1575649203.4598072, 1575649209.8252995, 1575649216.213329, 1575649222.6428864, 1575649229.2472908, 1575649235.609914, 1575649241.9963202, 1575649248.4036124, 1575649254.034941, 1575649260.1226542, 1575649267.583422, 1575649274.0495603, 1575649280.5002952, 1575649286.9580448, 1575649293.4166229, 1575649299.8722267, 1575649306.7490966, 1575649313.29246, 1575649319.6672406, 1575649326.11653, 1575649333.2818203, 1575649339.7837412, 1575649346.9545615, 1575649353.3785574, 1575649359.7782507, 1575649365.9581344, 1575649372.6230805, 1575649379.3472676, 1575649385.8323414, 1575649392.2538872, 1575649591.550606, 1575649598.9645317, 1575649605.3909032, 1575649611.8343651, 1575649618.1769488, 1575649624.569959, 1575649631.0554824, 1575649637.44837, 1575649643.8873825, 1575649650.7679799], "episode_lengths": [200, 200, 200, 200, 200, 200, 200, 200, 200, 200, 200, 200, 200, 200, 200, 200, 200, 200, 200, 200, 200, 200, 200, 200, 200, 200, 200, 200, 200, 200, 200, 200, 200, 200, 200, 200, 200, 200, 200, 200, 200, 200, 200, 200, 200, 200, 200, 200, 200, 200, 200, 200, 200, 200, 200, 200, 200, 200, 200, 200, 200, 200, 200, 200, 200, 200, 200, 200, 200, 200], "episode_rewards": [-190.95807794314044, -3139.9925094979826, -17196.809114217507, -55937.01406176642, -126828.43250581411, -197226.4138259216, -200000.0, -200000.0, -200000.0, -200000.0, -200000.0, -200000.0, -200000.0, -200000.0, -200000.0, -200000.0, -200000.0, -200000.0, -200000.0, -200000.0, -200000.0, -200000.0, -200000.0, -200000.0, -200000.0, -200000.0, -200000.0, -200000.0, -200000.0, -200000.0, -200000.0, -200000.0, -200000.0, -200000.0, -200000.0, -200000.0, -200000.0, -200000.0, -200000.0, -200000.0, -200000.0, -200000.0, -200000.0, -200000.0, -200000.0, -200000.0, -200000.0, -200000.0, -200000.0, -200000.0, -200000.0, -200000.0, -200000.0, -200000.0, -200000.0, -200000.0, -200000.0, -200000.0, -200000.0, -200000.0, -200000.0, -200000.0, -200000.0, -200000.0, -200000.0, -200000.0, -200000.0, -200000.0, -200000.0, -200000.0], "episode_types": ["t", "t", "t", "t", "t", "t", "t", "t", "t", "t", "t", "t", "t", "t", "t", "t", "t", "t", "t", "t", "t", "t", "t", "t", "t", "t", "t", "t", "t", "t", "t", "t", "t", "t", "t", "t", "t", "t", "t", "t", "t", "t", "t", "t", "t", "t", "t", "t", "t", "t", "t", "t", "t", "t", "t", "t", "t", "t", "t", "t", "t", "t", "t", "t", "t", "t", "t", "t", "t", "t", "t"]}