{"initial_reset_timestamp": 1571069417.0114176, "timestamps": [1571069417.0137002, 1571069417.0364435, 1571069417.0441017, 1571069417.0515807, 1571069417.061024, 1571069417.0684175, 1571069417.076273, 1571069417.085234, 1571069417.0932121, 1571069417.1181588, 1571069417.1285746, 1571069417.1373224, 1571069417.1484308, 1571069417.156467, 1571069417.165605, 1571069417.175399, 1571069417.1836658, 1571069417.1934538, 1571069417.2017238, 1571069417.210834, 1571069417.2206976, 1571069417.2287579, 1571069417.2380157, 1571069417.2474196, 1571069417.257476, 1571069417.2668157, 1571069417.2769916, 1571069417.2867713, 1571069417.2948427, 1571069417.3038807, 1571069417.3134608, 1571069417.3225086, 1571069417.3305209, 1571069417.3383403, 1571069417.346273, 1571069417.354371, 1571069417.363085, 1571069417.370457, 1571069417.3784306, 1571069417.3863919, 1571069417.3954632, 1571069417.4030983, 1571069417.4107695, 1571069417.418915, 1571069417.427891, 1571069417.4356372, 1571069417.4436405, 1571069417.4530203, 1571069417.4635153, 1571069417.4820411, 1571069417.5307543, 1571069417.5393531, 1571069417.545894, 1571069417.5531404, 1571069417.5592632, 1571069417.5656016, 1571069417.5717432, 1571069417.5793066, 1571069417.587323, 1571069417.5946233, 1571069417.6020384, 1571069417.609814, 1571069417.616847, 1571069417.625429, 1571069417.6337178, 1571069417.6447089, 1571069417.6524193, 1571069417.6604846, 1571069417.6695614, 1571069417.6794896, 1571069417.6896389, 1571069417.7053142, 1571069417.7194004, 1571069417.7331922, 1571069417.748571, 1571069417.762552, 1571069417.7860954, 1571069417.8102388, 1571069417.8323417, 1571069417.851013, 1571069417.8760045, 1571069417.8997495, 1571069417.9185276, 1571069417.9418342, 1571069417.9677322, 1571069417.991779, 1571069418.020264, 1571069418.0677218, 1571069418.1043906, 1571069418.1255016, 1571069418.1475856, 1571069418.1852, 1571069418.2178981, 1571069418.2459013, 1571069418.2784195, 1571069418.3096642, 1571069418.330366, 1571069418.367151, 1571069418.3881667, 1571069418.4022462, 1571069419.1406703, 1571069419.2180636, 1571069419.2480893, 1571069419.2616458, 1571069419.2697186, 1571069419.2775939, 1571069419.2847989, 1571069419.2921512, 1571069419.3008974, 1571069419.309663, 1571069419.317761, 1571069419.32597, 1571069419.3350651, 1571069419.343268, 1571069419.3504627, 1571069419.3576815, 1571069419.3649626, 1571069419.373071, 1571069419.3820157, 1571069419.3896797, 1571069419.3969646, 1571069419.405832, 1571069419.4147341, 1571069419.4226243, 1571069419.4297345, 1571069419.436948, 1571069419.4434144, 1571069419.450614, 1571069419.4593644, 1571069419.4669273, 1571069419.4722588, 1571069419.4775298, 1571069419.4835231, 1571069419.490155, 1571069419.497813, 1571069419.5066912, 1571069419.515401, 1571069419.5234535, 1571069419.532171, 1571069419.5409207, 1571069419.5487008, 1571069419.556764, 1571069419.5655951, 1571069419.5733728, 1571069419.5801787, 1571069419.5877333, 1571069419.5942078, 1571069419.6021612, 1571069419.6093588, 1571069419.618165, 1571069419.625676, 1571069419.6329095, 1571069419.6416473, 1571069419.649736, 1571069419.6569026, 1571069419.6646864, 1571069419.672336, 1571069419.6817129, 1571069419.689916, 1571069419.6987996, 1571069419.706254, 1571069419.7151318, 1571069419.724166, 1571069419.7322078, 1571069419.7402325, 1571069419.74817, 1571069419.7563717, 1571069419.7651906, 1571069419.7733815, 1571069419.7820091, 1571069419.7893312, 1571069419.7981381, 1571069419.8053565, 1571069419.8132083, 1571069419.820341, 1571069419.8283877, 1571069419.8363488, 1571069419.8444886, 1571069419.8533664, 1571069419.8615897, 1571069419.870406, 1571069419.8783104, 1571069419.8854244, 1571069419.8934867, 1571069419.9018366, 1571069419.9109113, 1571069419.919987, 1571069419.9290657, 1571069419.9377296, 1571069419.9447684, 1571069419.9519415, 1571069419.960178, 1571069419.9687111, 1571069419.9770544, 1571069419.9868817, 1571069419.9955285, 1571069420.0044723, 1571069420.0133193, 1571069420.0213847, 1571069420.0301962, 1571069420.1897838, 1571069420.240013, 1571069420.27036, 1571069420.2869487, 1571069420.2978802, 1571069420.3045986, 1571069420.3124795, 1571069420.320637, 1571069420.329214, 1571069420.3365388, 1571069420.3447952, 1571069420.351684, 1571069420.3589292, 1571069420.3670573, 1571069420.3759553, 1571069420.3838263, 1571069420.391216, 1571069420.40023, 1571069420.4080439, 1571069420.4163105, 1571069420.425203, 1571069420.434364, 1571069420.4434536, 1571069420.4524405, 1571069420.461612, 1571069420.470651, 1571069420.4796507, 1571069420.4885173, 1571069420.4974074, 1571069420.5065162, 1571069420.515462, 1571069420.5239336, 1571069420.532878, 1571069420.5414522, 1571069420.5503802, 1571069420.5586119, 1571069420.5673594, 1571069420.5744543, 1571069420.582549, 1571069420.5916743, 1571069420.600466, 1571069420.609719, 1571069420.618929, 1571069420.6278417, 1571069420.6358693, 1571069420.6438823, 1571069420.6528845, 1571069420.6619463, 1571069420.6710525, 1571069420.68005, 1571069420.6879015, 1571069420.6947923, 1571069420.7018192, 1571069420.7096105, 1571069420.7186222, 1571069420.7275577, 1571069420.7352374, 1571069420.7424488, 1571069420.7506638, 1571069420.7595868, 1571069420.7671971, 1571069420.775275, 1571069420.7838662, 1571069420.7926497, 1571069420.80036, 1571069420.8075855, 1571069420.8158062, 1571069420.824884, 1571069420.833707, 1571069420.8428795, 1571069420.8519893, 1571069420.8608081, 1571069420.8690639, 1571069420.8779047, 1571069420.8858864, 1571069420.8936176, 1571069420.902361, 1571069420.9101896, 1571069420.9191117, 1571069420.9280674, 1571069420.9360538, 1571069420.9439697, 1571069420.9511485, 1571069420.9594285, 1571069420.9680908, 1571069420.9768689, 1571069420.9837995, 1571069420.9920514, 1571069421.0008147, 1571069421.0081046, 1571069421.0169418, 1571069421.0260112, 1571069421.034981, 1571069421.0430498, 1571069421.051055, 1571069421.05903, 1571069421.0672545, 1571069421.0745778, 1571069421.0820138, 1571069421.0886495, 1571069421.2564018, 1571069421.3040955, 1571069421.33816, 1571069421.3557699, 1571069421.3664806, 1571069421.3757837, 1571069421.3837128, 1571069421.3910139, 1571069421.3993757, 1571069421.4064808, 1571069421.4136014, 1571069421.4218547, 1571069421.4306493, 1571069421.438944, 1571069421.4479709, 1571069421.4563181, 1571069421.4651885, 1571069421.473483, 1571069421.482414, 1571069421.4905424, 1571069421.4997103, 1571069421.5088425, 1571069421.5178025, 1571069421.525913, 1571069421.5349, 1571069421.542835, 1571069421.5499873, 1571069421.5579383, 1571069421.5662937, 1571069421.5764828, 1571069421.585316, 1571069421.5935388, 1571069421.6024237, 1571069421.6105762, 1571069421.6192045, 1571069421.6272361, 1571069421.635339, 1571069421.6434402, 1571069421.6514864, 1571069421.659738, 1571069421.6688507, 1571069421.6777554, 1571069421.686509, 1571069421.6945794, 1571069421.7025325, 1571069421.7094514, 1571069421.7174032, 1571069421.7246928, 1571069421.7327278, 1571069421.7408903, 1571069421.7510092, 1571069421.7590587, 1571069421.7670782, 1571069421.7749476, 1571069421.7830625, 1571069421.791765, 1571069421.7993014, 1571069421.807172, 1571069421.8144925, 1571069421.8233159, 1571069421.8304677, 1571069421.837949, 1571069421.8468153, 1571069421.8540587, 1571069421.8626688, 1571069421.8717663, 1571069421.8808045, 1571069421.888938, 1571069421.8967476, 1571069421.9052143, 1571069421.913639, 1571069421.9219973, 1571069421.9308922, 1571069421.939294, 1571069421.94748, 1571069421.9556363, 1571069421.9646587, 1571069421.972286, 1571069421.9802837, 1571069421.9885275, 1571069421.9975936, 1571069422.0068169, 1571069422.0161645, 1571069422.0246348, 1571069422.032671, 1571069422.0399644, 1571069422.0481136, 1571069422.0562916, 1571069422.064597, 1571069422.0738077, 1571069422.0826662, 1571069422.091022, 1571069422.1003175, 1571069422.109416, 1571069422.1173985, 1571069422.124658, 1571069422.1336977, 1571069422.1429746, 1571069422.1510544, 1571069422.1593935, 1571069422.323737, 1571069422.3725631, 