{"initial_reset_timestamp": 1576596255.4912305, "timestamps": [1576596255.491557, 1576596255.4922674, 1576596255.4926353, 1576596255.493636, 1576596255.4941654, 1576596255.4952698, 1576596255.4970326, 1576596255.5000546, 1576596255.500344, 1576596255.5007653, 1576596255.501922, 1576596255.5034513, 1576596255.5067046, 1576596255.5080597, 1576596255.5093975, 1576596255.510614, 1576596255.5111368, 1576596255.5117378, 1576596255.5118668, 1576596255.5123725, 1576596255.5157607, 1576596255.515815, 1576596255.5158515, 1576596255.5179327, 1576596255.519088, 1576596255.5195425, 1576596255.5195808, 1576596255.519983, 1576596255.520021, 1576596255.5206547, 1576596255.5230083, 1576596255.5232391, 1576596255.5238204, 1576596255.5240304, 1576596255.527692, 1576596255.5282016, 1576596255.5299265, 1576596255.5310621, 1576596255.5320928, 1576596255.5338147, 1576596255.5349762, 1576596255.535698, 1576596255.536773, 1576596255.5383446, 1576596255.5398378, 1576596255.542517, 1576596255.542913, 1576596255.5429516, 1576596255.5446625, 1576596255.5447164, 1576596255.548457, 1576596255.5486543, 1576596255.5489357, 1576596255.5542622, 1576596255.5572968, 1576596255.5596046, 1576596255.5619133, 1576596255.5630634, 1576596255.5737364, 1576596255.5741913, 1576596255.5763133, 1576596255.5765605, 1576596255.5774164, 1576596255.577963, 1576596255.5780017, 1576596255.578291, 1576596255.5788283, 1576596255.579141, 1576596255.5823576, 1576596255.586199, 1576596255.588455, 1576596255.588971, 1576596255.5899105, 1576596255.5899494, 1576596255.5900435, 1576596255.5934832, 1576596255.593542, 1576596255.5947638, 1576596255.5951743, 1576596255.5954373, 1576596255.5957062, 1576596255.599558, 1576596255.5997152, 1576596255.6009283, 1576596255.6042037, 1576596255.6044126, 1576596255.6082854, 1576596255.6104782, 1576596255.6109943, 1576596255.6123328, 1576596255.6126208, 1576596255.614615, 1576596255.617358, 1576596255.6180992, 1576596255.6200993, 1576596255.6222472, 1576596255.6223097, 1576596255.6247232, 1576596255.626138, 1576596255.62941], "episode_lengths": [16, 51, 18, 63, 41, 95, 153, 266, 20, 29, 90, 121, 281, 119, 115, 106, 44, 51, 9, 43, 282, 1, 1, 185, 100, 37, 1, 34, 1, 52, 207, 18, 49, 14, 322, 41, 140, 94, 89, 134, 98, 61, 94, 138, 134, 238, 30, 1, 144, 1, 333, 12, 23, 476, 273, 206, 206, 101, 931, 34, 189, 18, 75, 46, 1, 24, 46, 25, 277, 330, 200, 43, 82, 1, 6, 310, 1, 106, 34, 20, 22, 346, 10, 107, 292, 13, 342, 192, 43, 119, 21, 175, 243, 63, 177, 191, 2, 209, 124, 288], "episode_rewards": [-1.015, -1.05, -1.017, -1.062, -1.04, -1.094, -1.1520000000000001, -1.2650000000000001, -1.019, -1.028, -1.089, -1.12, -1.2800000000000002, -1.118, -1.114, -1.105, -1.043, -1.05, -1.008, -1.042, -1.2810000000000001, -1.0, -1.0, -1.1840000000000002, -1.099, -1.036, -1.0, -1.033, -1.0, -1.051, -1.2060000000000002, -1.017, -1.048, -1.013, -1.3210000000000002, -1.04, -1.139, -1.093, -1.088, -1.133, -1.097, -1.06, -1.093, -1.137, -1.133, -1.237, -1.029, -1.0, -1.143, -1.0, -1.3320000000000003, -1.011, -1.022, -1.4750000000000003, -1.2720000000000002, -1.205, -1.205, -1.1, -1.9300000000000006, -1.033, -1.1880000000000002, -1.017, -1.074, -1.045, -1.0, -1.023, -1.045, -1.024, -1.2760000000000002, -1.3290000000000002, -1.199, -1.042, -1.081, -1.0, -1.005, -1.3090000000000002, -1.0, -1.105, -1.033, -1.019, -1.021, -1.3450000000000002, -1.009, -1.106, -1.2910000000000001, -1.012, -1.3410000000000002, -1.191, -1.042, -1.118, -1.02, -1.1740000000000002, -1.2420000000000002, -1.062, -1.1760000000000002, -1.1900000000000002, -1.001, -1.2080000000000002, -1.123, -1.2870000000000001], "episode_types": ["t", "t", "t", "t", "t", "t", "t", "t", "t", "t", "t", "t", "t", "t", "t", "t", "t", "t", "t", "t", "t", "t", "t", "t", "t", "t", "t", "t", "t", "t", "t", "t", "t", "t", "t", "t", "t", "t", "t", "t", "t", "t", "t", "t", "t", "t", "t", "t", "t", "t", "t", "t", "t", "t", "t", "t", "t", "t", "t", "t", "t", "t", "t", "t", "t", "t", "t", "t", "t", "t", "t", "t", "t", "t", "t", "t", "t", "t", "t", "t", "t", "t", "t", "t", "t", "t", "t", "t", "t", "t", "t", "t", "t", "t", "t", "t", "t", "t", "t", "t"]}