{"initial_reset_timestamp": 1576592684.92262, "timestamps": [1576592684.9233565, 1576592684.9246736, 1576592684.9274223, 1576592684.9287372, 1576592684.9298284, 1576592684.9314299, 1576592684.933685, 1576592684.9346473, 1576592684.935905, 1576592684.9375448], "episode_lengths": [21, 41, 73, 36, 29, 49, 71, 26, 36, 43], "episode_rewards": [0.98, 0.96, 0.9279999999999999, 0.965, -1.028, 0.952, 0.9299999999999999, 0.975, 0.965, 0.958], "episode_types": ["t", "t", "t", "t", "t", "t", "t", "t", "t", "t", "t"]}