{"initial_reset_timestamp": 1570557859.5443888, "timestamps": [1570557859.6909425, 1570557859.8641005, 1570557860.0334823, 1570557860.2027566, 1570557860.3779655, 1570557860.5815463, 1570557860.7349927, 1570557860.9062557, 1570557861.095177, 1570557861.2495918, 1570557861.749861, 1570557861.888343, 1570557862.08674, 1570557862.2527335, 1570557862.4015667, 1570557862.5689971, 1570557862.7598932, 1570557862.9325917, 1570557863.0999508, 1570557863.2522886, 1570557863.4588306, 1570557863.6522338, 1570557863.8310719, 1570557864.0099244, 1570557864.1853547, 1570557864.350246, 1570557864.504078, 1570557864.671989, 1570557864.8578253, 1570557865.009185, 1570557865.1926608, 1570557865.3604434, 1570557865.549622, 1570557865.718503, 1570557865.9257646, 1570557866.1628277, 1570557866.320153, 1570557866.517549, 1570557866.6757305, 1570557866.8468978, 1570557867.0288212, 1570557867.1862075, 1570557867.3408625, 1570557867.5148005, 1570557867.6859784, 1570557867.841988, 1570557868.0484214, 1570557868.4768062, 1570557868.7895374, 1570557869.6662328, 1570557870.3150237, 1570557870.716283, 1570557871.436536, 1570557871.8221877, 1570557872.1739361, 1570557872.539106, 1570557873.0517342, 1570557873.6324892, 1570557874.0274322, 1570557874.4519076, 1570557874.986512, 1570557875.332668, 1570557875.81582, 1570557876.2650266, 1570557876.7830684, 1570557877.141551, 1570557877.4818146, 1570557877.8236196, 1570557878.1094856, 1570557878.4333296, 1570557878.9089913, 1570557879.320869, 1570557879.6795998, 1570557880.0601144, 1570557880.3514576, 1570557880.79836, 1570557881.2287354, 1570557881.791957, 1570557882.2118447, 1570557882.8687522, 1570557883.7442186, 1570557884.768446, 1570557885.9584935, 1570557887.7374232, 1570557889.165706, 1570557890.9819448, 1570557892.8975368, 1570557895.4433794, 1570557896.4382513, 1570557897.811936, 1570557900.0243745, 1570557901.9738162, 1570557903.841317, 1570557906.9404085, 1570557908.2481952, 1570557909.963495, 1570557910.9227824, 1570557912.0175498, 1570557914.1188838, 1570557915.2237825, 1570557916.5197196, 1570557916.9793823, 1570557917.6319208, 1570557918.4959278, 1570557919.2903624, 1570557919.9190738, 1570557920.6250799, 1570557921.5153732, 1570557922.2888646, 1570557923.8896, 1570557925.0136423, 1570557925.719688, 1570557927.4344451, 1570557928.994981, 1570557931.178924, 1570557932.291039, 1570557934.0251505, 1570557934.648201, 1570557935.7564838, 1570557936.565811, 1570557938.1914883, 1570557939.456066, 1570557940.47319, 1570557941.4084158, 1570557943.0498295, 1570557944.1405733, 1570557945.3320677, 1570557946.5092158, 1570557948.5025756, 1570557950.3073244, 1570557952.4754267, 1570557954.552679, 1570557957.9791386, 1570557959.188697, 1570557960.4184394, 1570557961.4931812, 1570557962.4569514, 1570557962.962973, 1570557964.3192496, 1570557965.6587245, 1570557967.3033607, 1570557968.6262777, 1570557973.0897708, 1570557975.0474255, 1570557977.0542965, 1570557978.5405812, 1570557981.7668512, 1570557983.5822985, 1570557986.478699, 1570557988.7939472, 1570557990.954777, 1570557993.429494, 1570557996.1002967, 1570557999.3593607, 1570558002.035764, 1570558011.470501, 1570558020.9637907, 1570558024.7744775, 1570558026.9134076, 1570558031.0445974, 1570558035.956966, 1570558043.387491, 1570558044.9798977, 1570558054.568045, 1570558056.7942333, 1570558058.6650002, 1570558059.80229, 1570558060.468306, 1570558061.1152952, 1570558061.4130895, 1570558071.572913, 1570558081.061405], "episode_lengths": [9, 10, 10, 10, 10, 12, 9, 10, 11, 9, 11, 8, 12, 10, 9, 10, 11, 10, 10, 9, 11, 11, 10, 10, 10, 10, 9, 10, 11, 9, 10, 10, 11, 10, 12, 14, 9, 11, 9, 10, 10, 9, 9, 10, 10, 9, 12, 25, 18, 51, 35, 23, 41, 22, 20, 21, 29, 33, 22, 24, 28, 19, 27, 25, 29, 20, 19, 19, 16, 18, 25, 23, 20, 21, 16, 25, 24, 31, 23, 36, 45, 56, 65, 97, 77, 98, 104, 137, 53, 73, 110, 103, 99, 167, 71, 92, 51, 59, 112, 59, 64, 24, 34, 45, 42, 33, 37, 47, 41, 84, 56, 38, 93, 83, 116, 59, 92, 33, 59, 43, 80, 67, 54, 50, 87, 58, 63, 62, 105, 95, 107, 110, 182, 64, 65, 57, 51, 27, 74, 73, 83, 72, 238, 105, 108, 80, 172, 95, 154, 123, 108, 131, 142, 172, 142, 500, 500, 201, 113, 219, 239, 391, 83, 500, 115, 99, 61, 36, 35, 16, 500, 500], "episode_rewards": [9.0, 10.0, 10.0, 10.0, 10.0, 12.0, 9.0, 10.0, 11.0, 9.0, 11.0, 8.0, 12.0, 10.0, 9.0, 10.0, 11.0, 10.0, 10.0, 9.0, 11.0, 11.0, 10.0, 10.0, 10.0, 10.0, 9.0, 10.0, 11.0, 9.0, 10.0, 10.0, 11.0, 10.0, 12.0, 14.0, 9.0, 11.0, 9.0, 10.0, 10.0, 9.0, 9.0, 10.0, 10.0, 9.0, 12.0, 25.0, 18.0, 51.0, 35.0, 23.0, 41.0, 22.0, 20.0, 21.0, 29.0, 33.0, 22.0, 24.0, 28.0, 19.0, 27.0, 25.0, 29.0, 20.0, 19.0, 19.0, 16.0, 18.0, 25.0, 23.0, 20.0, 21.0, 16.0, 25.0, 24.0, 31.0, 23.0, 36.0, 45.0, 56.0, 65.0, 97.0, 77.0, 98.0, 104.0, 137.0, 53.0, 73.0, 110.0, 103.0, 99.0, 167.0, 71.0, 92.0, 51.0, 59.0, 112.0, 59.0, 64.0, 24.0, 34.0, 45.0, 42.0, 33.0, 37.0, 47.0, 41.0, 84.0, 56.0, 38.0, 93.0, 83.0, 116.0, 59.0, 92.0, 33.0, 59.0, 43.0, 80.0, 67.0, 54.0, 50.0, 87.0, 58.0, 63.0, 62.0, 105.0, 95.0, 107.0, 110.0, 182.0, 64.0, 65.0, 57.0, 51.0, 27.0, 74.0, 73.0, 83.0, 72.0, 238.0, 105.0, 108.0, 80.0, 172.0, 95.0, 154.0, 123.0, 108.0, 131.0, 142.0, 172.0, 142.0, 500.0, 500.0, 201.0, 113.0, 219.0, 239.0, 391.0, 83.0, 500.0, 115.0, 99.0, 61.0, 36.0, 35.0, 16.0, 500.0, 500.0], "episode_types": ["t", "t", "t", "t", "t", "t", "t", "t", "t", "t", "t", "t", "t", "t", "t", "t", "t", "t", "t", "t", "t", "t", "t", "t", "t", "t", "t", "t", "t", "t", "t", "t", "t", "t", "t", "t", "t", "t", "t", "t", "t", "t", "t", "t", "t", "t", "t", "t", "t", "t", "t", "t", "t", "t", "t", "t", "t", "t", "t", "t", "t", "t", "t", "t", "t", "t", "t", "t", "t", "t", "t", "t", "t", "t", "t", "t", "t", "t", "t", "t", "t", "t", "t", "t", "t", "t", "t", "t", "t", "t", "t", "t", "t", "t", "t", "t", "t", "t", "t", "t", "t", "t", "t", "t", "t", "t", "t", "t", "t", "t", "t", "t", "t", "t", "t", "t", "t", "t", "t", "t", "t", "t", "t", "t", "t", "t", "t", "t", "t", "t", "t", "t", "t", "t", "t", "t", "t", "t", "t", "t", "t", "t", "t", "t", "t", "t", "t", "t", "t", "t", "t", "t", "t", "t", "t", "t", "t", "t", "t", "t", "t", "t", "t", "t", "t", "t", "t", "t", "t", "t", "t", "t", "t"]}