{"initial_reset_timestamp": 1577021851.3218715, "timestamps": [1577021851.5565658, 1577021851.9091136, 1577021852.4172816, 1577021852.6669202, 1577021852.904875, 1577021853.578418, 1577021853.797633, 1577021854.0388634, 1577021854.3929718, 1577021854.6414082, 1577021856.0503907, 1577021856.2869518, 1577021856.5303886, 1577021856.8890662, 1577021857.2905734, 1577021857.6456501, 1577021857.8603234, 1577021858.0822616, 1577021858.3721552, 1577021858.7147586, 1577021859.1120193, 1577021859.4060516, 1577021859.8543887, 1577021860.0479836, 1577021860.297339, 1577021860.5324585, 1577021860.742452, 1577021861.1696906, 1577021861.5388858, 1577021861.8164623, 1577021862.0104256, 1577021862.2181683, 1577021862.4122105, 1577021862.655452, 1577021863.0439544, 1577021863.2538953, 1577021863.46839, 1577021863.6739955, 1577021863.838161, 1577021864.0689032, 1577021864.3097973, 1577021864.488642, 1577021864.6626124, 1577021864.897366, 1577021865.0924757, 1577021865.283325, 1577021865.453475, 1577021865.6905186, 1577021865.8835304, 1577021866.0918326, 1577021866.3086596, 1577021866.5051527, 1577021866.6960456, 1577021866.9177406, 1577021867.1791656, 1577021867.3629365, 1577021867.6294315, 1577021867.8010767, 1577021868.0052419, 1577021868.1950226, 1577021868.386417, 1577021868.5787601, 1577021868.7519722, 1577021868.9250042, 1577021869.0799818, 1577021869.2741868, 1577021869.4778068, 1577021871.3321435, 1577021872.0229404, 1577021872.7322896, 1577021874.1740603, 1577021875.3126214, 1577021876.213089, 1577021877.6143143, 1577021878.2527897, 1577021879.5112443, 1577021880.7118886, 1577021881.9682982, 1577021883.1957223, 1577021885.7192843, 1577021886.604099, 1577021888.0027008, 1577021888.9429731, 1577021889.9146874, 1577021891.2084906, 1577021893.543739, 1577021895.3659487, 1577021896.9262464, 1577021898.406769, 1577021899.6892388, 1577021901.6527205, 1577021903.8789523, 1577021905.0442545, 1577021907.5230331, 1577021910.330951, 1577021911.7876122, 1577021914.3316114, 1577021915.9052386, 1577021916.9693317, 1577021919.8440502, 1577021921.1420593, 1577021922.6241922, 1577021924.443806, 1577021925.7620232, 1577021926.8505547, 1577021928.1946461, 1577021931.457127, 1577021932.7974715, 1577021934.6185613, 1577021935.6358242, 1577021937.2871602, 1577021939.4027312, 1577021941.3377068, 1577021942.8238728, 1577021944.7648563, 1577021945.9445963, 1577021948.3330324, 1577021949.8703754, 1577021951.414897, 1577021952.894943, 1577021954.7132678, 1577021956.6077828, 1577021958.2920258, 1577021959.949447, 1577021962.8931832, 1577021965.0133555, 1577021967.9442003, 1577021969.424858, 1577021970.998987, 1577021972.932815, 1577021974.958089, 1577021976.6731992, 1577021978.057429, 1577021980.0106823, 1577021981.553306, 1577021982.7992904, 1577021984.8495758, 1577021986.7026827, 1577021988.9039917, 1577021990.542064, 1577021992.7914534, 1577021994.210522, 1577021995.5825016, 1577022002.023778, 1577022003.8620188, 1577022007.7524257, 1577022010.7926075, 1577022015.166333, 1577022018.453578, 1577022021.549043, 1577022024.0529866, 1577022027.018215, 1577022030.762531, 1577022033.953082, 1577022038.8930767, 1577022044.8549693, 1577022050.5579424, 1577022054.5718412, 1577022058.533767, 1577022063.4227614, 1577022070.0498207, 1577022076.4897892, 1577022085.359094, 1577022088.8100429, 1577022099.4652278, 1577022103.9734192, 1577022104.163673, 1577022106.5115557, 1577022107.9502876, 1577022108.4625132, 1577022148.5894039, 1577022151.1271358, 1577022153.1052742, 1577022154.899795, 1577022157.0878177, 1577022160.04, 1577022162.5988195, 1577022165.0492275, 1577022167.676825, 1577022171.3255177, 1577022183.1604278, 1577022186.0266924, 1577022190.3393009, 1577022195.7326553, 1577022205.996047, 1577022208.4024773, 1577022213.6973424, 1577022222.977203, 1577022226.4452927, 1577022228.4559767, 1577022324.587749, 1577022329.3581913, 1577022330.8343828, 1577022332.9156585, 1577022342.1105368, 1577022351.0621283, 1577022354.9861968, 1577022365.4017992, 1577022373.8126523, 1577022376.0123336, 1577022466.2469025, 1577022468.6083157, 1577022470.401025, 1577022471.8880253, 1577022472.3608932, 1577022472.842144, 1577022473.1850803, 1577022474.8095343, 1577022478.251681, 1577022480.4759386, 1577022483.383159, 1577022486.1169653, 1577022488.5553157, 1577022491.0197885, 1577022494.202676, 1577022497.5665762, 1577022501.4125497, 1577022504.3203866, 1577022507.1542053, 1577022510.4376736, 1577022513.6506295, 1577022516.4061968, 1577022519.5158677, 1577022522.281846, 1577022525.33702, 1577022529.1106288, 1577022533.1896842, 1577022537.406317, 1577022540.5852907, 1577022543.0996485, 1577022546.376753, 1577022549.8483405, 1577022552.242288, 1577022555.0165124, 1577022557.5895958, 1577022560.2941036, 1577022563.6024768, 1577022566.5356553, 1577022569.760413, 1577022572.4464884, 1577022576.1200607, 1577022579.474837, 1577022584.2541683, 1577022588.9323885, 1577022593.4783952, 1577022598.504361, 1577022601.9064126, 1577022606.8854432, 1577022611.1891248, 1577022614.9430647], "episode_lengths": [13, 19, 26, 12, 12, 36, 12, 13, 19, 13, 43, 12, 13, 20, 21, 19, 12, 12, 15, 18, 20, 16, 24, 10, 13, 12, 11, 23, 20, 15, 9, 10, 10, 13, 21, 11, 11, 11, 9, 12, 11, 9, 9, 12, 10, 10, 9, 12, 10, 11, 10, 10, 10, 12, 13, 10, 13, 8, 10, 10, 9, 10, 9, 9, 8, 10, 10, 98, 36, 37, 66, 58, 47, 73, 33, 65, 62, 60, 47, 113, 37, 59, 40, 39, 60, 105, 85, 74, 71, 61, 76, 101, 57, 95, 122, 66, 109, 62, 48, 125, 48, 61, 76, 59, 49, 62, 128, 62, 86, 49, 69, 74, 88, 70, 94, 57, 113, 75, 73, 72, 77, 87, 71, 66, 103, 88, 126, 66, 69, 87, 79, 69, 65, 83, 68, 57, 81, 78, 95, 63, 94, 60, 56, 287, 78, 168, 113, 179, 144, 140, 105, 96, 146, 121, 223, 227, 266, 195, 192, 235, 288, 316, 431, 170, 500, 215, 9, 112, 69, 25, 41, 75, 97, 86, 107, 144, 126, 120, 128, 178, 148, 139, 208, 264, 500, 118, 259, 455, 169, 99, 97, 183, 71, 98, 450, 438, 184, 500, 407, 108, 117, 112, 70, 71, 23, 23, 17, 79, 168, 109, 126, 130, 119, 120, 140, 165, 158, 128, 130, 148, 122, 129, 146, 128, 133, 129, 151, 146, 125, 108, 124, 154, 104, 122, 107, 113, 128, 124, 132, 116, 145, 131, 185, 211, 197, 224, 144, 207, 177, 152], "episode_rewards": [13.0, 19.0, 26.0, 12.0, 12.0, 36.0, 12.0, 13.0, 19.0, 13.0, 43.0, 12.0, 13.0, 20.0, 21.0, 19.0, 12.0, 12.0, 15.0, 18.0, 20.0, 16.0, 24.0, 10.0, 13.0, 12.0, 11.0, 23.0, 20.0, 15.0, 9.0, 10.0, 10.0, 13.0, 21.0, 11.0, 11.0, 11.0, 9.0, 12.0, 11.0, 9.0, 9.0, 12.0, 10.0, 10.0, 9.0, 12.0, 10.0, 11.0, 10.0, 10.0, 10.0, 12.0, 13.0, 10.0, 13.0, 8.0, 10.0, 10.0, 9.0, 10.0, 9.0, 9.0, 8.0, 10.0, 10.0, 98.0, 36.0, 37.0, 66.0, 58.0, 47.0, 73.0, 33.0, 65.0, 62.0, 60.0, 47.0, 113.0, 37.0, 59.0, 40.0, 39.0, 60.0, 105.0, 85.0, 74.0, 71.0, 61.0, 76.0, 101.0, 57.0, 95.0, 122.0, 66.0, 109.0, 62.0, 48.0, 125.0, 48.0, 61.0, 76.0, 59.0, 49.0, 62.0, 128.0, 62.0, 86.0, 49.0, 69.0, 74.0, 88.0, 70.0, 94.0, 57.0, 113.0, 75.0, 73.0, 72.0, 77.0, 87.0, 71.0, 66.0, 103.0, 88.0, 126.0, 66.0, 69.0, 87.0, 79.0, 69.0, 65.0, 83.0, 68.0, 57.0, 81.0, 78.0, 95.0, 63.0, 94.0, 60.0, 56.0, 287.0, 78.0, 168.0, 113.0, 179.0, 144.0, 140.0, 105.0, 96.0, 146.0, 121.0, 223.0, 227.0, 266.0, 195.0, 192.0, 235.0, 288.0, 316.0, 431.0, 170.0, 500.0, 215.0, 9.0, 112.0, 69.0, 25.0, 41.0, 75.0, 97.0, 86.0, 107.0, 144.0, 126.0, 120.0, 128.0, 178.0, 148.0, 139.0, 208.0, 264.0, 500.0, 118.0, 259.0, 455.0, 169.0, 99.0, 97.0, 183.0, 71.0, 98.0, 450.0, 438.0, 184.0, 500.0, 407.0, 108.0, 117.0, 112.0, 70.0, 71.0, 23.0, 23.0, 17.0, 79.0, 168.0, 109.0, 126.0, 130.0, 119.0, 120.0, 140.0, 165.0, 158.0, 128.0, 130.0, 148.0, 122.0, 129.0, 146.0, 128.0, 133.0, 129.0, 151.0, 146.0, 125.0, 108.0, 124.0, 154.0, 104.0, 122.0, 107.0, 113.0, 128.0, 124.0, 132.0, 116.0, 145.0, 131.0, 185.0, 211.0, 197.0, 224.0, 144.0, 207.0, 177.0, 152.0],