{"initial_reset_timestamp": 1575975841.5688665, "timestamps": [1575975842.1738873, 1575975842.5691824, 1575975842.7860706, 1575975843.5001812, 1575975843.820704, 1575975844.0661266, 1575975844.261169, 1575975844.6295588, 1575975844.801441, 1575975845.0405006, 1575975845.5253508, 1575975845.898887, 1575975846.1963627, 1575975846.409065, 1575975846.6063347, 1575975846.9822764, 1575975847.2151206, 1575975847.4658382], "episode_lengths": [32, 24, 13, 39, 19, 14, 13, 22, 11, 16, 8, 22, 18, 13, 11, 22, 14, 14], "episode_rewards": [32.0, 24.0, 13.0, 39.0, 19.0, 14.0, 13.0, 22.0, 11.0, 16.0, 8.0, 22.0, 18.0, 13.0, 11.0, 22.0, 14.0, 14.0], "episode_types": ["t", "t", "t", "t", "t", "t", "t", "t", "t", "t", "t", "t", "t", "t", "t", "t", "t", "t", "t"]}