{"initial_reset_timestamp": 1575910638.397256, "timestamps": [1575910641.1159525, 1575910645.1981912, 1575910648.5573545, 1575910651.1364563, 1575910654.0990365, 1575910656.187785, 1575910659.4680514, 1575910661.7655652, 1575910664.6602278, 1575910667.8564196, 1575910671.9302561, 1575910674.2656147, 1575910677.4934905, 1575910679.9044201, 1575910682.741166, 1575910684.707737, 1575910686.888882, 1575910691.2343102, 1575910694.3237162, 1575910697.1775322, 1575910700.771563], "episode_lengths": [74, 108, 92, 70, 81, 56, 90, 57, 66, 81, 88, 62, 85, 64, 75, 52, 58, 110, 81, 76, 89], "episode_rewards": [-388.70716576575717, -462.72924399592284, -168.00370865168995, -81.7767702696705, -159.8961458962979, -131.7893246419228, -142.99052000551086, -87.97466554170919, -30.01089554327855, -122.34390800218804, -106.35947037414104, -162.21979617362194, -116.30460473179232, -143.20261430437262, -203.79293989423184, -92.5541292965958, -152.28593247009286, -590.3933866372499, -112.57150996688604, -320.46609088412447, -328.4995046422829], "episode_types": ["t", "t", "t", "t", "t", "t", "t", "t", "t", "t", "t", "t", "t", "t", "t", "t", "t", "t", "t", "t", "t", "t"]}