{"initial_reset_timestamp": 1569249141.2568257, "timestamps": [1569249141.2568977, 1569249141.2571135, 1569249141.2571874, 1569249141.2572987, 1569249141.2573507, 1569249141.257408, 1569249141.2574558, 1569249141.2575428, 1569249141.2575824, 1569249141.2576554, 1569249141.2580523, 1569249141.2582676, 1569249141.258309, 1569249141.2583482, 1569249141.2584288, 1569249141.258468, 1569249141.2586935, 1569249141.258766, 1569249141.2598157, 1569249141.2599692, 1569249141.260048, 1569249141.2600877, 1569249141.2601354, 1569249141.2602024, 1569249141.260293, 1569249141.2603323, 1569249141.2606514, 1569249141.2607, 1569249141.2607646, 1569249141.2608042, 1569249141.2608879, 1569249141.260936, 1569249141.2609918, 1569249141.2612467, 1569249141.2613018, 1569249141.2613928, 1569249141.2614918, 1569249141.2616372, 1569249141.261744, 1569249141.26185, 1569249141.2619236, 1569249141.2620223, 1569249141.2620893, 1569249141.2621977, 1569249141.2622437, 1569249141.2622898, 1569249141.2624147, 1569249141.2625523, 1569249141.2626152, 1569249141.2626746, 1569249141.262715, 1569249141.262763, 1569249141.2628849, 1569249141.2629256, 1569249141.2629812, 1569249141.2630205, 1569249141.2630584, 1569249141.2633214, 1569249141.2634156, 1569249141.263493, 1569249141.2635577, 1569249141.263652, 1569249141.2637248, 1569249141.263764, 1569249141.2638109, 1569249141.2638507, 1569249141.2638886, 1569249141.2642233, 1569249141.2642832, 1569249141.264423, 1569249141.264463, 1569249141.2645202, 1569249141.2645614, 1569249141.2646, 1569249141.2646549, 1569249141.2646937, 1569249141.2647412, 1569249141.2650836, 1569249141.2651894, 1569249141.2652445, 1569249141.2652838, 1569249141.2653396, 1569249141.2653952, 1569249141.2654421, 1569249141.2659962, 1569249141.266038, 1569249141.2661278, 1569249141.2661755, 1569249141.266253, 1569249141.266301, 1569249141.2665887, 1569249141.2666478, 1569249141.266697, 1569249141.2667446, 1569249141.2667928, 1569249141.2670543, 1569249141.2671285, 1569249141.2675145, 1569249141.2676375, 1569249141.267749, 1569249141.4845579, 1569249141.5723054, 1569249141.5723627, 1569249141.572428, 1569249141.5724995, 1569249141.5725496, 1569249141.572694, 1569249141.5727365, 1569249141.5727766, 1569249141.5735424, 1569249141.573691, 1569249141.573789, 1569249141.573846, 1569249141.5739148, 1569249141.5739837, 1569249141.5740764, 1569249141.5741255, 1569249141.574182, 1569249141.5743659, 1569249141.5744686, 1569249141.5745103, 1569249141.5746262, 1569249141.5746675, 1569249141.5747147, 1569249141.5748012, 1569249141.5754526, 1569249141.5755057, 1569249141.5755932, 1569249141.575653, 1569249141.5758047, 1569249141.5761073, 1569249141.5761578, 1569249141.5762594, 1569249141.5763986, 1569249141.576496, 1569249141.5765536, 1569249141.5766222, 1569249141.5766885, 1569249141.5770035, 1569249141.577066, 1569249141.5772016, 1569249141.5772421, 1569249141.5773451, 1569249141.5774012, 1569249141.5774405, 1569249141.57767, 1569249141.5777602, 1569249141.577826, 1569249141.5779514, 1569249141.5779936, 1569249141.578049, 1569249141.5781221, 1569249141.5781615, 1569249141.5782485, 1569249141.578738, 1569249141.5788944, 1569249141.578985, 1569249141.5790546, 1569249141.5794587, 1569249141.579818, 1569249141.5798597, 1569249141.579899, 1569249141.5800734, 1569249141.5801482, 1569249141.580217, 1569249141.5802743, 1569249141.5803146, 1569249141.5805504, 1569249141.58063, 1569249141.5807698, 1569249141.5808618, 1569249141.580951, 1569249141.5811782, 1569249141.581248, 1569249141.5814197, 1569249141.581756, 1569249141.582047, 1569249141.582091, 1569249141.5821655, 1569249141.5822055, 1569249141.5823622, 1569249141.5824096, 1569249141.5824947, 1569249141.582576, 1569249141.582616, 1569249141.5827248, 1569249141.5827653, 1569249141.5828042, 1569249141.5828416, 1569249141.5828886, 1569249141.5829363, 1569249141.5829923, 1569249141.5830472, 1569249141.5831177, 1569249141.5831647, 1569249141.583203, 1569249141.5836456, 1569249141.5836883, 1569249141.5837796, 1569249141.584134, 1569249142.7461646, 1569249142.845109, 1569249142.8455625, 1569249142.8456311, 1569249142.8456888, 1569249142.8457341, 1569249142.8459487, 1569249142.846056, 1569249142.8464582, 1569249142.8469994, 1569249142.8470485, 1569249142.8471594, 1569249142.8472357, 1569249142.8473735, 1569249142.8474374, 1569249142.8475049, 1569249142.8479009, 1569249142.8479488, 1569249142.8479917, 1569249142.8481603, 1569249142.8486564, 1569249142.8487122, 1569249142.8487859, 1569249142.8488317, 1569249142.8488736, 1569249142.848925, 1569249142.849048, 1569249142.849108, 1569249142.8491504, 1569249142.8491914, 1569249142.849335, 1569249142.8493965, 1569249142.8494887, 1569249142.849577, 1569249142.849672, 1569249142.8497725, 1569249142.849887, 1569249142.850151, 1569249142.850212, 1569249142.850444, 1569249142.8505046, 1569249142.8505487, 1569249142.8506105, 1569249142.8507533, 1569249142.8508227, 1569249142.8509228, 1569249142.8512042, 1569249142.8512475, 1569249142.8513408, 1569249142.8514152, 1569249142.8515315, 1569249142.8516796, 1569249142.8517606, 1569249142.8522105, 1569249142.8522842, 1569249142.8523529, 1569249142.852431, 1569249142.8524747, 1569249142.8525171, 1569249142.8525763, 1569249142.8526201, 1569249142.852697, 1569249142.8527477, 1569249142.852868, 1569249142.85292, 1569249142.852963, 1569249142.8530052, 1569249142.8530462, 1569249142.853097, 1569249142.8531418, 1569249142.8532178, 1569249142.8532605, 1569249142.853302, 1569249142.8534226, 1569249142.8534741, 1569249142.8535323, 1569249142.853704, 1569249142.8537476, 1569249142.8538392, 1569249142.854171, 1569249142.8542488, 1569249142.8543165, 1569249142.8543673, 1569249142.85441, 1569249142.8547533, 1569249142.8548312, 1569249142.8548741, 1569249142.8549154, 1569249142.854965, 1569249142.8550737, 1569249142.855125, 1569249142.8552167, 1569249142.8552597, 1569249142.8553298, 1569249142.8553736, 1569249142.8555524, 1569249142.8556046, 1569249142.8556995, 1569249142.8557427, 1569249142.855906, 1569249144.1794367, 1569249144.2617757, 1569249144.261833, 1569249144.2619293, 1569249144.2620387, 1569249144.2620947, 1569249144.2631803, 1569249144.2632368, 1569249144.2632868, 1569249144.2635558, 1569249144.2637472, 1569249144.2638075, 1569249144.2638824, 1569249144.2639503, 1569249144.2639995, 1569249144.2640834, 1569249144.2643597, 1569249144.264436, 1569249144.2644763, 1569249144.2651923, 1569249144.2656155, 1569249144.265729, 1569249144.26577, 1569249144.2658367, 1569249144.2658856, 1569249144.265939, 1569249144.26598, 1569249144.2660363, 1569249144.266076, 1569249144.266164, 1569249144.2662635, 1569249144.2663045, 1569249144.2664597, 1569249144.2665267, 1569249144.2665894, 1569249144.2668762, 1569249144.2669492, 1569249144.267133, 1569249144.2671814, 1569249144.2678277, 1569249144.267868, 1569249144.2679453, 1569249144.2680087, 1569249144.268484, 1569249144.2687645, 1569249144.2688303, 1569249144.26887, 1569249144.2689505, 1569249144.269016, 1569249144.2690563, 1569249144.2690947, 1569249144.2691333, 1569249144.2691882, 1569249144.2692275, 1569249144.2692761, 1569249144.2693167, 1569249144.2693548, 1569249144.2694013, 1569249144.2694404, 1569249144.2695076, 1569249144.2697554, 1569249144.269804, 1569249144.2699757, 1569249144.2700167, 1569249144.2701173, 1569249144.2701569, 1569249144.2701952, 1569249144.2702603, 1569249144.2703252, 1569249144.2704062, 1569249144.2704458, 1569249144.2704852, 1569249144.2705827, 1569249144.2708936, 1569249144.2709343, 1569249144.2709725, 1569249144.2710438, 1569249144.271118, 1569249144.2712073, 1569249144.2713552, 1569249144.2714481, 1569249144.271516, 1569249144.271557, 1569249144.2719371, 1569249144.2719781, 1569249144.2720764, 1569249144.272117, 1569249144.2724574, 1569249144.2728105, 1569249144.272852, 1569249144.2729065, 1569249144.2729456, 1569249144.2729926, 1569249144.2731192, 1569249144.273159, 1569249144.2732234, 1569249144.273616, 1569249144.2736986, 1569249144.2737727, 1569249144.2738304, 1569249144.4256027, 1569249144.5227334, 